variant_name,repeat_count,cumulative_information_gain_mean,cumulative_information_gain_std,cumulative_information_gain_ci_low,cumulative_information_gain_ci_high,uncertainty_reduction_mean,uncertainty_reduction_std,uncertainty_reduction_ci_low,uncertainty_reduction_ci_high,cumulative_energy_cost_mean,cumulative_energy_cost_std,cumulative_energy_cost_ci_low,cumulative_energy_cost_ci_high,routing_cost_mean,routing_cost_std,routing_cost_ci_low,routing_cost_ci_high,total_operational_cost_mean,total_operational_cost_std,total_operational_cost_ci_low,total_operational_cost_ci_high,cost_normalized_gain_mean,cost_normalized_gain_std,cost_normalized_gain_ci_low,cost_normalized_gain_ci_high,num_selected_mean,num_selected_std,num_selected_ci_low,num_selected_ci_high
random,5,1.295941,0.029701,1.273355,1.317404,1.295941,0.029701,1.271219,1.316594,5.000000,0.000000,5.000000,5.000000,3.358556,0.824507,2.616442,3.982844,8.358557,0.824507,7.626718,9.015317,0.156988,0.019840,0.142511,0.172276,5.000000,0.000000,5.000000,5.000000
variance_policy_baseline,5,1.307135,0.067124,1.238019,1.356019,1.307135,0.067124,1.256640,1.363246,5.000000,0.000000,5.000000,5.000000,0.004000,0.000000,0.004000,0.004000,5.004000,0.000000,5.004000,5.004000,0.261218,0.013414,0.248026,0.272361,5.000000,0.000000,5.000000,5.000000
myopic_policy_baseline,5,1.321133,0.016444,1.307049,1.333208,1.321133,0.016444,1.307303,1.332447,5.000000,0.000000,5.000000,5.000000,3.120148,0.000000,3.120148,3.120148,8.120148,0.000000,8.120148,8.120148,0.162698,0.002025,0.160853,0.164188,5.000000,0.000000,5.000000,5.000000
rollout_policy_baseline,5,1.305374,0.029293,1.281921,1.332427,1.305374,0.029293,1.280772,1.329236,5.000000,0.000000,5.000000,5.000000,2.818929,0.000000,2.818929,2.818929,7.818929,0.000000,7.818929,7.818929,0.166951,0.003747,0.163288,0.170424,5.000000,0.000000,5.000000,5.000000
ppo_warmstart_baseline,5,1.280985,0.037502,1.253519,1.317759,1.280985,0.037502,1.256060,1.315675,5.000000,0.000000,5.000000,5.000000,3.027493,0.000000,3.027493,3.027493,8.027493,0.000000,8.027493,8.027493,0.159575,0.004671,0.156102,0.164268,5.000000,0.000000,5.000000,5.000000
full_model,5,1.295941,0.029701,1.273355,1.317404,1.295941,0.029701,1.271219,1.316594,5.000000,0.000000,5.000000,5.000000,2.818929,0.000000,2.818929,2.818929,7.818929,0.000000,7.818929,7.818929,0.165744,0.003799,0.162154,0.168262,5.000000,0.000000,5.000000,5.000000
