repeat_seed,variant_name,rmse,mae,crps,log_score,coverage,interval_width,mean_missingness_proba,total_cost,num_selected
7,base_gp_only,14.681655,13.474606,12.946574,123.851013,,,,6.574634,5
7,gp_plus_dynamic_silence,14.731496,13.528893,13.001004,124.759583,,,,6.574634,5
7,gp_plus_sensor_conditional_missingness,14.718198,13.514415,13.055133,122.724648,,,0.017249,6.574951,5
7,gp_plus_joint_generative_jvi_training,23.067392,21.474836,21.206038,9019.118164,,,0.028969,6.574951,5
7,gp_plus_conformal_reliability,14.675926,13.468365,12.939316,123.284157,0.005208,10.696622,,6.574634,5
7,myopic_policy_baseline,42.023075,34.134956,34.052433,51374.343750,0.695312,136.923111,0.000100,6.267728,5
7,full_model,15.151605,13.932660,12.129514,72.374626,0.388021,34.732784,0.000100,6.360423,5
