repeat_seed,variant_name,cumulative_information_gain,uncertainty_reduction,cumulative_energy_cost,routing_cost,total_operational_cost,cost_normalized_gain,num_selected
7,random,4.303050,4.303050,5.000000,3.542790,8.542790,0.503705,5
7,variance_policy_baseline,4.290706,4.290706,5.000000,1.267728,6.267728,0.684571,5
7,myopic_policy_baseline,4.530862,4.530862,5.000000,1.267728,6.267728,0.722887,5
7,rollout_policy_baseline,4.305404,4.305404,5.000000,1.360423,6.360423,0.676905,5
7,ppo_warmstart_baseline,5.097182,5.097182,5.000000,1.574951,6.574951,0.775243,5
7,full_model,4.303050,4.303050,5.000000,1.360423,6.360423,0.676535,5
