repeat_seed,variant_name,coverage,target_coverage_error,interval_width,stable_coverage,shift_coverage,stable_interval_width,shift_interval_width,crps,log_score,recovery_speed_hours,final_adaptive_epsilon,mean_graph_quantile
7,no_conformal,0.203125,0.696875,10.501325,0.237705,0.142857,10.250238,10.938932,12.604485,128.396988,,,
7,split_conformal,1.000000,0.100000,243.736572,1.000000,1.000000,243.736588,243.736557,18.237951,6747.055176,,,
7,adaptive_conformal,0.338542,0.561458,17.420763,0.418033,0.200000,17.415855,17.429312,34.300953,22.723452,,0.010000,0.000000
7,relational_adaptive,0.906250,0.006250,163.413574,0.913934,0.892857,199.809204,99.981216,18.886827,11550.609375,23.650024,0.356485,0.000000
7,full_model,0.906250,0.006250,43.437702,0.909836,0.900000,43.742321,42.906815,11.152791,5303.892090,23.650024,0.292000,23.071923
