variant_name,repeat_count,cumulative_information_gain_mean,cumulative_information_gain_std,cumulative_information_gain_ci_low,cumulative_information_gain_ci_high,uncertainty_reduction_mean,uncertainty_reduction_std,uncertainty_reduction_ci_low,uncertainty_reduction_ci_high,cumulative_energy_cost_mean,cumulative_energy_cost_std,cumulative_energy_cost_ci_low,cumulative_energy_cost_ci_high,routing_cost_mean,routing_cost_std,routing_cost_ci_low,routing_cost_ci_high,total_operational_cost_mean,total_operational_cost_std,total_operational_cost_ci_low,total_operational_cost_ci_high,cost_normalized_gain_mean,cost_normalized_gain_std,cost_normalized_gain_ci_low,cost_normalized_gain_ci_high,num_selected_mean,num_selected_std,num_selected_ci_low,num_selected_ci_high
random,5,1.100709,0.117099,1.005019,1.213531,1.100709,0.117099,0.994314,1.209637,5.000000,0.000000,5.000000,5.000000,8.596746,2.330566,6.424946,10.326738,13.596746,2.330566,11.066316,15.276156,0.083867,0.018376,0.068559,0.098840,5.000000,0.000000,5.000000,5.000000
variance_policy_baseline,5,1.225685,0.314666,0.978332,1.476926,1.225685,0.314666,0.995479,1.519805,5.000000,0.000000,5.000000,5.000000,0.004000,0.000000,0.004000,0.004000,5.004000,0.000000,5.004000,5.004000,0.244941,0.062883,0.196972,0.299486,5.000000,0.000000,5.000000,5.000000
myopic_policy_baseline,5,1.205090,0.167964,1.108752,1.369083,1.205090,0.167964,1.110648,1.367303,5.000000,0.000000,5.000000,5.000000,8.244774,0.000000,8.244774,8.244774,13.244774,0.000000,13.244774,13.244774,0.090986,0.012682,0.083677,0.103544,5.000000,0.000000,5.000000,5.000000
rollout_policy_baseline,5,1.111489,0.027577,1.087618,1.133721,1.111489,0.027577,1.086623,1.131706,5.000000,0.000000,5.000000,5.000000,7.501831,0.000000,7.501831,7.501831,12.501831,0.000000,12.501831,12.501831,0.088906,0.002206,0.087317,0.091039,5.000000,0.000000,5.000000,5.000000
ppo_warmstart_baseline,5,1.083244,0.029643,1.058513,1.112851,1.083244,0.029643,1.059968,1.104435,5.000000,0.000000,5.000000,5.000000,7.288588,0.000000,7.288588,7.288588,12.288588,0.000000,12.288588,12.288588,0.088150,0.002412,0.085947,0.090413,5.000000,0.000000,5.000000,5.000000
full_model,5,1.100709,0.117099,1.005019,1.213531,1.100709,0.117099,0.994314,1.209637,5.000000,0.000000,5.000000,5.000000,7.344156,0.315351,7.028805,7.501831,12.344156,0.315351,12.028806,12.501831,0.089430,0.011699,0.080951,0.101101,5.000000,0.000000,5.000000,5.000000
