repeat_seed,variant_name,rmse,mae,crps,log_score,coverage,interval_width,mean_missingness_proba,total_cost,num_selected
7,base_gp_only,11.753034,10.397031,9.675175,42.451889,,,,13.782031,8
7,gp_plus_dynamic_silence,11.767048,10.412517,9.675213,40.838314,,,,13.782031,8
7,gp_plus_sensor_conditional_missingness,11.758461,10.403028,9.670602,41.306053,,,0.000100,13.782031,8
7,gp_plus_joint_generative_jvi_training,11.963173,10.640653,9.909698,740.674377,,,0.000100,13.782031,8
7,gp_plus_conformal_reliability,11.767965,10.413529,9.672903,40.489254,0.843750,30.148937,,13.782031,8
7,myopic_policy_baseline,11.932215,10.649709,9.565239,311.892639,0.893066,229.001434,0.000100,13.633778,8
7,full_model,10.236119,8.841340,7.531391,11.302487,0.812988,44.258545,0.000100,13.734293,8
