repeat_seed,variant_name,coverage,target_coverage_error,interval_width,stable_coverage,shift_coverage,stable_interval_width,shift_interval_width,crps,log_score,recovery_speed_hours,final_adaptive_epsilon,mean_graph_quantile
7,no_conformal,0.268555,0.631445,13.854662,0.177005,0.435262,13.585962,14.343944,8.487318,10.452994,3.283447,,
7,split_conformal,0.341797,0.558203,15.916352,0.091528,0.797521,15.916352,15.916353,8.886764,12.229457,9.283447,,
7,adaptive_conformal,1.000000,0.100000,73.438934,1.000000,1.000000,76.890633,67.153633,10.236625,4514.519043,,0.500000,0.000000
7,relational_adaptive,0.893066,0.006934,31.401367,0.894100,0.891185,38.685909,18.136675,9.469330,817.555908,0.283447,0.425549,0.000000
7,graph_corel,0.359375,0.540625,16.070282,0.132375,0.772727,16.487770,15.310058,7.898787,7.652243,6.283447,0.034000,5.896940
7,full_model,0.632324,0.267676,20.656288,0.501513,0.870523,22.224482,17.800714,7.531391,11.302487,9.283447,0.094397,0.000000
