variant_name,repeat_count,cumulative_information_gain_mean,cumulative_information_gain_std,uncertainty_reduction_mean,uncertainty_reduction_std,cumulative_energy_cost_mean,cumulative_energy_cost_std,routing_cost_mean,routing_cost_std,total_operational_cost_mean,total_operational_cost_std,cost_normalized_gain_mean,cost_normalized_gain_std,num_selected_mean,num_selected_std
random,1,15.041192,0.000000,15.041192,0.000000,8.000000,0.000000,7.191253,0.000000,15.191253,0.000000,0.990122,0.000000,8.000000,0.000000
variance_policy_baseline,1,14.260879,0.000000,14.260879,0.000000,8.000000,0.000000,5.315490,0.000000,13.315490,0.000000,1.070999,0.000000,8.000000,0.000000
myopic_policy_baseline,1,13.318542,0.000000,13.318542,0.000000,8.000000,0.000000,5.633778,0.000000,13.633778,0.000000,0.976878,0.000000,8.000000,0.000000
rollout_policy_baseline,1,7.928230,0.000000,7.928230,0.000000,8.000000,0.000000,5.634160,0.000000,13.634160,0.000000,0.581497,0.000000,8.000000,0.000000
ppo_warmstart_baseline,1,15.113555,0.000000,15.113555,0.000000,8.000000,0.000000,5.782348,0.000000,13.782348,0.000000,1.096588,0.000000,8.000000,0.000000
full_model,1,15.041192,0.000000,15.041192,0.000000,8.000000,0.000000,5.734293,0.000000,13.734293,0.000000,1.095156,0.000000,8.000000,0.000000
