variant_name,repeat_count,rmse_mean,rmse_std,mae_mean,mae_std,crps_mean,crps_std,log_score_mean,log_score_std,coverage_mean,coverage_std,interval_width_mean,interval_width_std,mean_missingness_proba_mean,mean_missingness_proba_std,total_cost_mean,total_cost_std,num_selected_mean,num_selected_std
base_gp_only,1,11.753034,0.000000,10.397031,0.000000,9.675175,0.000000,42.451889,0.000000,,,,,,,13.782031,0.000000,8.000000,0.000000
gp_plus_dynamic_silence,1,11.767048,0.000000,10.412517,0.000000,9.675213,0.000000,40.838314,0.000000,,,,,,,13.782031,0.000000,8.000000,0.000000
gp_plus_sensor_conditional_missingness,1,11.758461,0.000000,10.403028,0.000000,9.670602,0.000000,41.306053,0.000000,,,,,0.000100,0.000000,13.782031,0.000000,8.000000,0.000000
gp_plus_joint_generative_jvi_training,1,11.963173,0.000000,10.640653,0.000000,9.909698,0.000000,740.674377,0.000000,,,,,0.000100,0.000000,13.782031,0.000000,8.000000,0.000000
gp_plus_conformal_reliability,1,11.767965,0.000000,10.413529,0.000000,9.672903,0.000000,40.489254,0.000000,0.843750,0.000000,30.148937,0.000000,,,13.782031,0.000000,8.000000,0.000000
myopic_policy_baseline,1,11.932215,0.000000,10.649709,0.000000,9.565239,0.000000,311.892639,0.000000,0.893066,0.000000,229.001434,0.000000,0.000100,0.000000,13.633778,0.000000,8.000000,0.000000
full_model,1,10.236119,0.000000,8.841340,0.000000,7.531391,0.000000,11.302487,0.000000,0.812988,0.000000,44.258545,0.000000,0.000100,0.000000,13.734293,0.000000,8.000000,0.000000
