variant_name,repeat_count,coverage_mean,coverage_std,target_coverage_error_mean,target_coverage_error_std,interval_width_mean,interval_width_std,stable_coverage_mean,stable_coverage_std,shift_coverage_mean,shift_coverage_std,stable_interval_width_mean,stable_interval_width_std,shift_interval_width_mean,shift_interval_width_std,crps_mean,crps_std,log_score_mean,log_score_std,recovery_speed_hours_mean,recovery_speed_hours_std,final_adaptive_epsilon_mean,final_adaptive_epsilon_std,mean_graph_quantile_mean,mean_graph_quantile_std
no_conformal,1,0.268555,0.000000,0.631445,0.000000,13.854662,0.000000,0.177005,0.000000,0.435262,0.000000,13.585962,0.000000,14.343944,0.000000,8.487318,0.000000,10.452994,0.000000,3.283447,0.000000,,,,
split_conformal,1,0.341797,0.000000,0.558203,0.000000,15.916352,0.000000,0.091528,0.000000,0.797521,0.000000,15.916352,0.000000,15.916353,0.000000,8.886764,0.000000,12.229457,0.000000,9.283447,0.000000,,,,
adaptive_conformal,1,1.000000,0.000000,0.100000,0.000000,73.438934,0.000000,1.000000,0.000000,1.000000,0.000000,76.890633,0.000000,67.153633,0.000000,10.236625,0.000000,4514.519043,0.000000,,,0.500000,0.000000,0.000000,0.000000
relational_adaptive,1,0.893066,0.000000,0.006934,0.000000,31.401367,0.000000,0.894100,0.000000,0.891185,0.000000,38.685909,0.000000,18.136675,0.000000,9.469330,0.000000,817.555908,0.000000,0.283447,0.000000,0.425549,0.000000,0.000000,0.000000
graph_corel,1,0.359375,0.000000,0.540625,0.000000,16.070282,0.000000,0.132375,0.000000,0.772727,0.000000,16.487770,0.000000,15.310058,0.000000,7.898787,0.000000,7.652243,0.000000,6.283447,0.000000,0.034000,0.000000,5.896940,0.000000
full_model,1,0.632324,0.000000,0.267676,0.000000,20.656288,0.000000,0.501513,0.000000,0.870523,0.000000,22.224482,0.000000,17.800714,0.000000,7.531391,0.000000,11.302487,0.000000,9.283447,0.000000,0.094397,0.000000,0.000000,0.000000
