variant_name,repeat_count,cumulative_information_gain_mean,cumulative_information_gain_std,cumulative_information_gain_ci_low,cumulative_information_gain_ci_high,uncertainty_reduction_mean,uncertainty_reduction_std,uncertainty_reduction_ci_low,uncertainty_reduction_ci_high,cumulative_energy_cost_mean,cumulative_energy_cost_std,cumulative_energy_cost_ci_low,cumulative_energy_cost_ci_high,routing_cost_mean,routing_cost_std,routing_cost_ci_low,routing_cost_ci_high,total_operational_cost_mean,total_operational_cost_std,total_operational_cost_ci_low,total_operational_cost_ci_high,cost_normalized_gain_mean,cost_normalized_gain_std,cost_normalized_gain_ci_low,cost_normalized_gain_ci_high,num_selected_mean,num_selected_std,num_selected_ci_low,num_selected_ci_high
random,5,3.845575,0.048712,3.806701,3.890963,3.845575,0.048712,3.807447,3.888621,5.000000,0.000000,5.000000,5.000000,5.543403,3.528208,2.773693,8.781552,10.543403,3.528208,7.753946,13.608620,0.403306,0.119001,0.313108,0.497379,5.000000,0.000000,5.000000,5.000000
variance_policy_baseline,5,3.832646,0.059063,3.791813,3.882626,3.832646,0.059063,3.791688,3.889530,5.000000,0.000000,5.000000,5.000000,3.985064,0.076840,3.937851,4.056677,8.985064,0.076840,8.937851,9.069033,0.426597,0.007930,0.418845,0.433215,5.000000,0.000000,5.000000,5.000000
myopic_policy_baseline,5,3.805127,0.037337,3.773314,3.829009,3.805127,0.037337,3.769046,3.829618,5.000000,0.000000,5.000000,5.000000,4.973104,0.000000,4.973104,4.973104,9.973104,0.000000,9.973104,9.973104,0.381539,0.003744,0.377923,0.383901,5.000000,0.000000,5.000000,5.000000
rollout_policy_baseline,5,3.809684,0.005036,3.805592,3.813916,3.809684,0.005036,3.805555,3.813922,5.000000,0.000000,5.000000,5.000000,4.973104,0.000000,4.973104,4.973104,9.973104,0.000000,9.973104,9.973104,0.381996,0.000505,0.381600,0.382420,5.000000,0.000000,5.000000,5.000000
ppo_warmstart_baseline,5,3.817250,0.005288,3.812641,3.821891,3.817250,0.005288,3.813100,3.821891,5.000000,0.000000,5.000000,5.000000,4.973104,0.000000,4.973104,4.973104,9.973104,0.000000,9.973104,9.973104,0.382755,0.000530,0.382296,0.383248,5.000000,0.000000,5.000000,5.000000
full_model,5,3.845575,0.048712,3.806701,3.890963,3.845575,0.048712,3.807447,3.888621,5.000000,0.000000,5.000000,5.000000,4.973104,0.000000,4.973104,4.973104,9.973104,0.000000,9.973104,9.973104,0.385595,0.004884,0.381360,0.390173,5.000000,0.000000,5.000000,5.000000
