variant_name,repeat_count,cumulative_information_gain_mean,cumulative_information_gain_std,cumulative_information_gain_ci_low,cumulative_information_gain_ci_high,uncertainty_reduction_mean,uncertainty_reduction_std,uncertainty_reduction_ci_low,uncertainty_reduction_ci_high,cumulative_energy_cost_mean,cumulative_energy_cost_std,cumulative_energy_cost_ci_low,cumulative_energy_cost_ci_high,routing_cost_mean,routing_cost_std,routing_cost_ci_low,routing_cost_ci_high,total_operational_cost_mean,total_operational_cost_std,total_operational_cost_ci_low,total_operational_cost_ci_high,cost_normalized_gain_mean,cost_normalized_gain_std,cost_normalized_gain_ci_low,cost_normalized_gain_ci_high,num_selected_mean,num_selected_std,num_selected_ci_low,num_selected_ci_high
random,5,14.160471,0.115022,14.071126,14.252632,14.160471,0.115022,14.061969,14.265580,5.000000,0.000000,5.000000,5.000000,7.534590,2.116182,5.519962,9.228222,12.534590,2.116182,10.523944,14.195283,1.167930,0.227970,1.001671,1.386835,5.000000,0.000000,5.000000,5.000000
variance_policy_baseline,5,14.177322,0.178836,14.007784,14.325550,14.177322,0.178836,14.033958,14.342902,5.000000,0.000000,5.000000,5.000000,11.683034,0.000000,11.683034,11.683034,16.683035,0.000000,16.683035,16.683035,0.849805,0.010719,0.839172,0.858864,5.000000,0.000000,5.000000,5.000000
myopic_policy_baseline,5,14.168608,0.150156,14.058329,14.304415,14.168608,0.150156,14.045410,14.311979,5.000000,0.000000,5.000000,5.000000,10.424854,0.000000,10.424854,10.424854,15.424853,0.000001,15.424853,15.424853,0.918557,0.009735,0.910570,0.928176,5.000000,0.000000,5.000000,5.000000
rollout_policy_baseline,5,13.250463,0.859489,12.483715,13.956350,13.250463,0.859489,12.527398,13.980843,5.000000,0.000000,5.000000,5.000000,11.682882,0.000000,11.682882,11.682882,16.682882,0.000000,16.682882,16.682882,0.794255,0.051519,0.746117,0.836887,5.000000,0.000000,5.000000,5.000000
ppo_warmstart_baseline,5,14.100520,0.097461,14.019986,14.184743,14.100520,0.097461,14.019366,14.182045,5.000000,0.000000,5.000000,5.000000,8.358493,0.000000,8.358493,8.358493,13.358493,0.000000,13.358493,13.358493,1.055547,0.007296,1.049494,1.061510,5.000000,0.000000,5.000000,5.000000
full_model,5,14.160471,0.115022,14.071126,14.252632,14.160471,0.115022,14.061969,14.265580,5.000000,0.000000,5.000000,5.000000,11.682882,0.000000,11.682882,11.682882,16.682882,0.000000,16.682882,16.682882,0.848802,0.006895,0.843212,0.854173,5.000000,0.000000,5.000000,5.000000
