variant_name,repeat_count,cumulative_information_gain_mean,cumulative_information_gain_std,cumulative_information_gain_ci_low,cumulative_information_gain_ci_high,uncertainty_reduction_mean,uncertainty_reduction_std,uncertainty_reduction_ci_low,uncertainty_reduction_ci_high,cumulative_energy_cost_mean,cumulative_energy_cost_std,cumulative_energy_cost_ci_low,cumulative_energy_cost_ci_high,routing_cost_mean,routing_cost_std,routing_cost_ci_low,routing_cost_ci_high,total_operational_cost_mean,total_operational_cost_std,total_operational_cost_ci_low,total_operational_cost_ci_high,cost_normalized_gain_mean,cost_normalized_gain_std,cost_normalized_gain_ci_low,cost_normalized_gain_ci_high,num_selected_mean,num_selected_std,num_selected_ci_low,num_selected_ci_high
random,5,2.975580,0.015635,2.962070,2.988950,2.975580,0.015635,2.963948,2.988834,5.000000,0.000000,5.000000,5.000000,4.335921,1.997741,2.996943,6.325803,9.335921,1.997741,7.966224,11.279667,0.330596,0.056076,0.284952,0.370239,5.000000,0.000000,5.000000,5.000000
variance_policy_baseline,5,3.018094,0.091770,2.944361,3.095875,3.018094,0.091770,2.957845,3.107872,5.000000,0.000000,5.000000,5.000000,3.975870,0.000000,3.975870,3.975870,8.975870,0.000000,8.975870,8.975870,0.336245,0.010224,0.328705,0.346413,5.000000,0.000000,5.000000,5.000000
myopic_policy_baseline,5,2.963931,0.077295,2.885547,3.013654,2.963931,0.077295,2.882397,3.012079,5.000000,0.000000,5.000000,5.000000,4.591967,0.000000,4.591967,4.591967,9.591967,0.000000,9.591967,9.591967,0.309001,0.008058,0.300799,0.314319,5.000000,0.000000,5.000000,5.000000
rollout_policy_baseline,5,2.990028,0.011131,2.980133,2.998151,2.990028,0.011131,2.980140,2.999037,5.000000,0.000000,5.000000,5.000000,4.591967,0.000000,4.591967,4.591967,9.591967,0.000000,9.591967,9.591967,0.311722,0.001160,0.310690,0.312574,5.000000,0.000000,5.000000,5.000000
ppo_warmstart_baseline,5,3.010793,0.023046,2.994811,3.031233,3.010793,0.023046,2.995111,3.030273,5.000000,0.000000,5.000000,5.000000,4.591967,0.000000,4.591967,4.591967,9.591967,0.000000,9.591967,9.591967,0.313887,0.002402,0.312138,0.316270,5.000000,0.000000,5.000000,5.000000
full_model,5,2.975580,0.015635,2.962070,2.988950,2.975580,0.015635,2.963948,2.988834,5.000000,0.000000,5.000000,5.000000,4.591967,0.000000,4.591967,4.591967,9.591967,0.000000,9.591967,9.591967,0.310216,0.001630,0.308812,0.311614,5.000000,0.000000,5.000000,5.000000
