variant_name,repeat_count,cumulative_information_gain_mean,cumulative_information_gain_std,cumulative_information_gain_ci_low,cumulative_information_gain_ci_high,uncertainty_reduction_mean,uncertainty_reduction_std,uncertainty_reduction_ci_low,uncertainty_reduction_ci_high,cumulative_energy_cost_mean,cumulative_energy_cost_std,cumulative_energy_cost_ci_low,cumulative_energy_cost_ci_high,routing_cost_mean,routing_cost_std,routing_cost_ci_low,routing_cost_ci_high,total_operational_cost_mean,total_operational_cost_std,total_operational_cost_ci_low,total_operational_cost_ci_high,cost_normalized_gain_mean,cost_normalized_gain_std,cost_normalized_gain_ci_low,cost_normalized_gain_ci_high,num_selected_mean,num_selected_std,num_selected_ci_low,num_selected_ci_high
random,5,1.598753,0.014655,1.585860,1.610426,1.598753,0.014655,1.588515,1.612215,5.000000,0.000000,5.000000,5.000000,3.558410,1.649369,2.093068,4.952969,8.558410,1.649369,6.814237,9.952970,0.194989,0.043249,0.161400,0.237046,5.000000,0.000000,5.000000,5.000000
variance_policy_baseline,5,1.595112,0.005621,1.590329,1.600274,1.595112,0.005621,1.590265,1.599496,5.000000,0.000000,5.000000,5.000000,0.004000,0.000000,0.004000,0.004000,5.004000,0.000000,5.004000,5.004000,0.318767,0.001123,0.317923,0.319869,5.000000,0.000000,5.000000,5.000000
myopic_policy_baseline,5,1.603756,0.019298,1.587017,1.620352,1.603756,0.019298,1.583768,1.617287,5.000000,0.000000,5.000000,5.000000,5.487021,0.000000,5.487021,5.487021,10.487021,0.000000,10.487021,10.487021,0.152928,0.001840,0.151315,0.154511,5.000000,0.000000,5.000000,5.000000
rollout_policy_baseline,5,1.582382,0.012873,1.572919,1.593986,1.582382,0.012873,1.574457,1.593638,5.000000,0.000000,5.000000,5.000000,5.276709,0.257688,5.061652,5.487021,10.276710,0.257688,10.066397,10.487021,0.154097,0.004871,0.150108,0.158138,5.000000,0.000000,5.000000,5.000000
ppo_warmstart_baseline,5,1.593272,0.014569,1.579105,1.603941,1.593272,0.014569,1.581244,1.605709,5.000000,0.000000,5.000000,5.000000,5.487021,0.000000,5.487021,5.487021,10.487021,0.000000,10.487021,10.487021,0.151928,0.001389,0.150744,0.153049,5.000000,0.000000,5.000000,5.000000
full_model,5,1.598753,0.014655,1.585860,1.610426,1.598753,0.014655,1.588515,1.612215,5.000000,0.000000,5.000000,5.000000,5.075888,0.205567,4.973104,5.281454,10.075887,0.205567,9.973104,10.281454,0.158732,0.003301,0.156047,0.161132,5.000000,0.000000,5.000000,5.000000
