variant_name,repeat_count,cumulative_information_gain_mean,cumulative_information_gain_std,cumulative_information_gain_ci_low,cumulative_information_gain_ci_high,uncertainty_reduction_mean,uncertainty_reduction_std,uncertainty_reduction_ci_low,uncertainty_reduction_ci_high,cumulative_energy_cost_mean,cumulative_energy_cost_std,cumulative_energy_cost_ci_low,cumulative_energy_cost_ci_high,routing_cost_mean,routing_cost_std,routing_cost_ci_low,routing_cost_ci_high,total_operational_cost_mean,total_operational_cost_std,total_operational_cost_ci_low,total_operational_cost_ci_high,cost_normalized_gain_mean,cost_normalized_gain_std,cost_normalized_gain_ci_low,cost_normalized_gain_ci_high,num_selected_mean,num_selected_std,num_selected_ci_low,num_selected_ci_high
random,5,1.675365,0.015916,1.663978,1.690598,1.675365,0.015916,1.661468,1.689950,5.000000,0.000000,5.000000,5.000000,76.381783,29.137453,52.911007,100.657387,81.381783,29.137453,57.911007,111.039276,0.023413,0.008289,0.017025,0.031053,5.000000,0.000000,5.000000,5.000000
variance_policy_baseline,5,1.672027,0.019785,1.651887,1.686466,1.672027,0.019785,1.653084,1.685903,5.000000,0.000000,5.000000,5.000000,0.004000,0.000000,0.004000,0.004000,5.004000,0.000000,5.004000,5.004000,0.334138,0.003954,0.330543,0.337214,5.000000,0.000000,5.000000,5.000000
myopic_policy_baseline,5,1.671662,0.018248,1.656731,1.686592,1.671662,0.018248,1.660804,1.686574,5.000000,0.000000,5.000000,5.000000,0.004000,0.000000,0.004000,0.004000,5.004000,0.000000,5.004000,5.004000,0.334065,0.003647,0.331069,0.337047,5.000000,0.000000,5.000000,5.000000
rollout_policy_baseline,5,1.659395,0.033208,1.629185,1.686729,1.659395,0.033208,1.628156,1.685067,5.000000,0.000000,5.000000,5.000000,16.249090,0.000000,16.249090,16.249090,21.249090,0.000000,21.249090,21.249090,0.078093,0.001563,0.076622,0.079408,5.000000,0.000000,5.000000,5.000000
ppo_warmstart_baseline,5,1.666126,0.029032,1.644049,1.687012,1.666126,0.029032,1.641979,1.691499,5.000000,0.000000,5.000000,5.000000,14.034203,0.549186,13.485016,14.308795,19.034201,0.549187,18.485016,19.308796,0.087577,0.001854,0.086181,0.089217,5.000000,0.000000,5.000000,5.000000
full_model,5,1.675365,0.015916,1.663978,1.690598,1.675365,0.015916,1.661468,1.689950,5.000000,0.000000,5.000000,5.000000,16.249090,0.000000,16.249090,16.249090,21.249090,0.000000,21.249090,21.249090,0.078844,0.000749,0.078268,0.079635,5.000000,0.000000,5.000000,5.000000
