variant_name,repeat_count,cumulative_information_gain_mean,cumulative_information_gain_std,cumulative_information_gain_ci_low,cumulative_information_gain_ci_high,uncertainty_reduction_mean,uncertainty_reduction_std,uncertainty_reduction_ci_low,uncertainty_reduction_ci_high,cumulative_energy_cost_mean,cumulative_energy_cost_std,cumulative_energy_cost_ci_low,cumulative_energy_cost_ci_high,routing_cost_mean,routing_cost_std,routing_cost_ci_low,routing_cost_ci_high,total_operational_cost_mean,total_operational_cost_std,total_operational_cost_ci_low,total_operational_cost_ci_high,cost_normalized_gain_mean,cost_normalized_gain_std,cost_normalized_gain_ci_low,cost_normalized_gain_ci_high,num_selected_mean,num_selected_std,num_selected_ci_low,num_selected_ci_high
random,5,2.907475,0.005215,2.903081,2.911962,2.907475,0.005215,2.903330,2.911620,5.000000,0.000000,5.000000,5.000000,5.228468,1.455435,3.820529,6.240913,10.228468,1.455435,8.854706,11.448212,0.291274,0.049640,0.259482,0.343894,5.000000,0.000000,5.000000,5.000000
variance_policy_baseline,5,2.907314,0.003229,2.904599,2.909631,2.907314,0.003229,2.904598,2.910347,5.000000,0.000000,5.000000,5.000000,2.594004,0.283923,2.361453,2.826142,7.594004,0.283923,7.361453,7.825454,0.383363,0.013903,0.368514,0.394646,5.000000,0.000000,5.000000,5.000000
myopic_policy_baseline,5,2.912435,0.014658,2.901054,2.923351,2.912435,0.014658,2.901703,2.923167,5.000000,0.000000,5.000000,5.000000,3.539340,0.024654,3.527013,3.563995,8.539339,0.024654,8.527013,8.563993,0.341063,0.001775,0.339718,0.342583,5.000000,0.000000,5.000000,5.000000
rollout_policy_baseline,5,2.900542,0.007938,2.893921,2.907093,2.900542,0.007938,2.893435,2.907326,5.000000,0.000000,5.000000,5.000000,3.588649,0.000000,3.588649,3.588649,8.588649,0.000000,8.588649,8.588649,0.337718,0.000924,0.336971,0.338482,5.000000,0.000000,5.000000,5.000000
ppo_warmstart_baseline,5,2.895985,0.008454,2.890291,2.902927,2.895985,0.008454,2.890563,2.904305,5.000000,0.000000,5.000000,5.000000,3.781652,0.000000,3.781652,3.781652,8.781652,0.000000,8.781652,8.781652,0.329777,0.000963,0.329102,0.330677,5.000000,0.000000,5.000000,5.000000
full_model,5,2.907475,0.005215,2.903081,2.911962,2.907475,0.005215,2.903330,2.911620,5.000000,0.000000,5.000000,5.000000,3.588649,0.000000,3.588649,3.588649,8.588649,0.000000,8.588649,8.588649,0.338525,0.000607,0.338014,0.339072,5.000000,0.000000,5.000000,5.000000
