variant_name,repeat_count,cumulative_information_gain_mean,cumulative_information_gain_std,uncertainty_reduction_mean,uncertainty_reduction_std,cumulative_energy_cost_mean,cumulative_energy_cost_std,routing_cost_mean,routing_cost_std,total_operational_cost_mean,total_operational_cost_std,cost_normalized_gain_mean,cost_normalized_gain_std,num_selected_mean,num_selected_std
random,1,4.303050,0.000000,4.303050,0.000000,5.000000,0.000000,3.542790,0.000000,8.542790,0.000000,0.503705,0.000000,5.000000,0.000000
variance_policy_baseline,1,4.290706,0.000000,4.290706,0.000000,5.000000,0.000000,1.267728,0.000000,6.267728,0.000000,0.684571,0.000000,5.000000,0.000000
myopic_policy_baseline,1,4.530862,0.000000,4.530862,0.000000,5.000000,0.000000,1.267728,0.000000,6.267728,0.000000,0.722887,0.000000,5.000000,0.000000
rollout_policy_baseline,1,4.305404,0.000000,4.305404,0.000000,5.000000,0.000000,1.360423,0.000000,6.360423,0.000000,0.676905,0.000000,5.000000,0.000000
ppo_warmstart_baseline,1,5.097182,0.000000,5.097182,0.000000,5.000000,0.000000,1.574951,0.000000,6.574951,0.000000,0.775243,0.000000,5.000000,0.000000
full_model,1,4.303050,0.000000,4.303050,0.000000,5.000000,0.000000,1.360423,0.000000,6.360423,0.000000,0.676535,0.000000,5.000000,0.000000
