variant_name,repeat_count,rmse_mean,rmse_std,mae_mean,mae_std,crps_mean,crps_std,log_score_mean,log_score_std,coverage_mean,coverage_std,interval_width_mean,interval_width_std,mean_missingness_proba_mean,mean_missingness_proba_std,total_cost_mean,total_cost_std,num_selected_mean,num_selected_std
base_gp_only,1,14.681655,0.000000,13.474606,0.000000,12.946574,0.000000,123.851013,0.000000,,,,,,,6.574634,0.000000,5.000000,0.000000
gp_plus_dynamic_silence,1,14.731496,0.000000,13.528893,0.000000,13.001004,0.000000,124.759583,0.000000,,,,,,,6.574634,0.000000,5.000000,0.000000
gp_plus_sensor_conditional_missingness,1,14.718198,0.000000,13.514415,0.000000,13.055133,0.000000,122.724648,0.000000,,,,,0.017249,0.000000,6.574951,0.000000,5.000000,0.000000
gp_plus_joint_generative_jvi_training,1,23.067392,0.000000,21.474836,0.000000,21.206038,0.000000,9019.118164,0.000000,,,,,0.028969,0.000000,6.574951,0.000000,5.000000,0.000000
gp_plus_conformal_reliability,1,14.675926,0.000000,13.468365,0.000000,12.939316,0.000000,123.284157,0.000000,0.005208,0.000000,10.696622,0.000000,,,6.574634,0.000000,5.000000,0.000000
myopic_policy_baseline,1,42.023075,0.000000,34.134956,0.000000,34.052433,0.000000,51374.343750,0.000000,0.695312,0.000000,136.923111,0.000000,0.000100,0.000000,6.267728,0.000000,5.000000,0.000000
full_model,1,15.151605,0.000000,13.932660,0.000000,12.129514,0.000000,72.374626,0.000000,0.388021,0.000000,34.732784,0.000000,0.000100,0.000000,6.360423,0.000000,5.000000,0.000000
