variant_name,repeat_count,coverage_mean,coverage_std,target_coverage_error_mean,target_coverage_error_std,interval_width_mean,interval_width_std,stable_coverage_mean,stable_coverage_std,shift_coverage_mean,shift_coverage_std,stable_interval_width_mean,stable_interval_width_std,shift_interval_width_mean,shift_interval_width_std,crps_mean,crps_std,log_score_mean,log_score_std,recovery_speed_hours_mean,recovery_speed_hours_std,final_adaptive_epsilon_mean,final_adaptive_epsilon_std,mean_graph_quantile_mean,mean_graph_quantile_std
no_conformal,1,0.203125,0.000000,0.696875,0.000000,10.501325,0.000000,0.237705,0.000000,0.142857,0.000000,10.250238,0.000000,10.938932,0.000000,12.604485,0.000000,128.396988,0.000000,,,,,,
split_conformal,1,1.000000,0.000000,0.100000,0.000000,243.736572,0.000000,1.000000,0.000000,1.000000,0.000000,243.736588,0.000000,243.736557,0.000000,18.237951,0.000000,6747.055176,0.000000,,,,,,
adaptive_conformal,1,0.338542,0.000000,0.561458,0.000000,17.420763,0.000000,0.418033,0.000000,0.200000,0.000000,17.415855,0.000000,17.429312,0.000000,34.300953,0.000000,22.723452,0.000000,,,0.010000,0.000000,0.000000,0.000000
relational_adaptive,1,0.906250,0.000000,0.006250,0.000000,163.413574,0.000000,0.913934,0.000000,0.892857,0.000000,199.809204,0.000000,99.981216,0.000000,18.886827,0.000000,11550.609375,0.000000,23.650024,0.000000,0.356485,0.000000,0.000000,0.000000
full_model,1,0.906250,0.000000,0.006250,0.000000,43.437702,0.000000,0.909836,0.000000,0.900000,0.000000,43.742321,0.000000,42.906815,0.000000,11.152791,0.000000,5303.892090,0.000000,23.650024,0.000000,0.292000,0.000000,23.071922,0.000000
